{
    "package_version": "1.0",
    "id": "a49d24d2-51bd-40fc-ad8b-9a1458300ea0",
    "type": "client-app",
    "name": "showTweet",
    "description": "Show twitter feed to the user with respective user name",
    "minimum_version": "0080300000",
    "icon_16": "extension-16.png",
    "icon_48": "extension-48.png",
    "icon_128": "extension-128.png",
    "released_on": "2017-10-09T07:04:25.385Z",
    "service_url": "http://localhost",
    "redirect_url": "%serviceURL%",
    "releasedOn": "2017-10-09T07:04:25.385Z"
}